{
    "metrics": {
        "http_req_duration": {
            "med": 47437.3487,
            "max": 68182.9988,
            "p(90)": 62650.26386,
            "p(95)": 65145.269089999994,
            "avg": 49053.318745559984,
            "min": 14662.5641
        },
        "vus_max": {
            "value": 2500,
            "min": 2500,
            "max": 2500
        },
        "http_req_sending": {
            "med": 0,
            "max": 3.3013,
            "p(90)": 0.99571,
            "p(95)": 1.0002,
            "avg": 0.1615612000000001,
            "min": 0
        },
        "http_reqs": {
            "count": 2500,
            "rate": 35.85660441900379
        },
        "http_req_receiving": {
            "avg": 0.3793017999999997,
            "min": 0,
            "med": 0.2958,
            "max": 17.4034,
            "p(90)": 0.9119299999999999,
            "p(95)": 1.0127199999999998
        },
        "iteration_duration": {
            "avg": 50577.74381339991,
            "min": 16084.2206,
            "med": 49182.7276,
            "max": 69648.4675,
            "p(90)": 64186.501670000005,
            "p(95)": 66663.857775
        },
        "checks": {
            "passes": 2500,
            "fails": 30000,
            "value": 0.07692307692307693
        },
        "vus": {
            "value": 18,
            "min": 18,
            "max": 2500
        },
        "http_req_duration{expected_response:true}": {
            "avg": 49053.318745559984,
            "min": 14662.5641,
            "med": 47437.3487,
            "max": 68182.9988,
            "p(90)": 62650.26386,
            "p(95)": 65145.269089999994
        },
        "http_req_tls_handshaking": {
            "med": 393.9175,
            "max": 931.213,
            "p(90)": 751.0208,
            "p(95)": 833.5784099999994,
            "avg": 414.22648248000013,
            "min": 87.9971
        },
        "data_sent": {
            "count": 2080000,
            "rate": 29832.694876611153
        },
        "iterations": {
            "count": 2500,
            "rate": 35.85660441900379
        },
        "http_req_connecting": {
            "avg": 106.83938327999991,
            "min": 43.0027,
            "med": 110.0021,
            "max": 124.9992,
            "p(90)": 121.0002,
            "p(95)": 122.0016
        },
        "data_received": {
            "count": 10373493,
            "rate": 148783.29397772194
        },
        "http_req_waiting": {
            "avg": 49052.77788255996,
            "min": 14661.6973,
            "med": 47436.839850000004,
            "max": 68182.4283,
            "p(90)": 62649.51506,
            "p(95)": 65144.639715000005
        },
        "http_req_failed": {
            "passes": 0,
            "fails": 2500,
            "value": 0
        },
        "http_req_blocked": {
            "max": 1044.2698,
            "p(90)": 849.1525899999999,
            "p(95)": 925.24691,
            "avg": 523.2622446800001,
            "min": 159.9999,
            "med": 502.9179
        }
    },
    "root_group": {
        "name": "",
        "path": "",
        "id": "d41d8cd98f00b204e9800998ecf8427e",
        "groups": {},
        "checks": {
                "200 OK": {
                    "passes": 2500,
                    "fails": 0,
                    "name": "200 OK",
                    "path": "::200 OK",
                    "id": "e9654c443eff553da9e69eda7007924e"
                },
                "201 Created": {
                    "name": "201 Created",
                    "path": "::201 Created",
                    "id": "728dcd977aae263ca314731145e1d447",
                    "passes": 0,
                    "fails": 2500
                },
                "204 No Content": {
                    "name": "204 No Content",
                    "path": "::204 No Content",
                    "id": "54fa3c2eda34e1622fda2da5e0479fc5",
                    "passes": 0,
                    "fails": 2500
                },
                "400 Bad Request": {
                    "path": "::400 Bad Request",
                    "id": "eeae81934b9b58bccaf0184a6d070338",
                    "passes": 0,
                    "fails": 2500,
                    "name": "400 Bad Request"
                },
                "401 Unauthorized": {
                    "name": "401 Unauthorized",
                    "path": "::401 Unauthorized",
                    "id": "6ae9254e6aefe7f0bafe5102fa7e20a5",
                    "passes": 0,
                    "fails": 2500
                },
                "403 Forbidden": {
                    "passes": 0,
                    "fails": 2500,
                    "name": "403 Forbidden",
                    "path": "::403 Forbidden",
                    "id": "655548b761742c5a7ad15aa7df3a5d9c"
                },
                "404 Not Found": {
                    "path": "::404 Not Found",
                    "id": "df1528f9925ca236bac51008f77b774a",
                    "passes": 0,
                    "fails": 2500,
                    "name": "404 Not Found"
                },
                "422 Unprocessable Content": {
                    "path": "::422 Unprocessable Content",
                    "id": "d94c37ab64a32602add978a71bd22822",
                    "passes": 0,
                    "fails": 2500,
                    "name": "422 Unprocessable Content"
                },
                "429 Too Many Requests": {
                    "id": "b810c35b9499cc7342fd415032e3a6aa",
                    "passes": 0,
                    "fails": 2500,
                    "name": "429 Too Many Requests",
                    "path": "::429 Too Many Requests"
                },
                "500 Internal Server Error": {
                    "name": "500 Internal Server Error",
                    "path": "::500 Internal Server Error",
                    "id": "3cd96245b24e869810efe46d533b0eef",
                    "passes": 0,
                    "fails": 2500
                },
                "502 Bad Gateway": {
                    "path": "::502 Bad Gateway",
                    "id": "712cb0ec189a11f31f0d6d0c0031b569",
                    "passes": 0,
                    "fails": 2500,
                    "name": "502 Bad Gateway"
                },
                "503 Service Unavailable": {
                    "name": "503 Service Unavailable",
                    "path": "::503 Service Unavailable",
                    "id": "f1ea1a22be0dc738c385523a66ea1cd9",
                    "passes": 0,
                    "fails": 2500
                },
                "504 Gateway Timeout": {
                    "name": "504 Gateway Timeout",
                    "path": "::504 Gateway Timeout",
                    "id": "218efb729cb654723ccd57c6ebbebe29",
                    "passes": 0,
                    "fails": 2500
                }
            }
    }
}