{
    "metrics": {
        "http_reqs": {
            "count": 2250,
            "rate": 11.73567986120611
        },
        "http_req_blocked": {
            "p(95)": 3548.144695,
            "avg": 1883.8110943111103,
            "min": 239.529,
            "med": 1816.1795000000002,
            "max": 3823.7035,
            "p(90)": 3463.6353900000004
        },
        "http_req_duration{expected_response:true}": {
            "avg": 49900.89817789723,
            "min": 1003.7072,
            "med": 57043.8639,
            "max": 189734.2341,
            "p(90)": 70588.65946,
            "p(95)": 73187.7305
        },
        "data_received": {
            "count": 10505508,
            "rate": 54795.234963262075
        },
        "iteration_duration": {
            "avg": 51182.40311151105,
            "min": 4373.0393,
            "med": 59381.45465,
            "max": 191321.8612,
            "p(90)": 73806.82069000001,
            "p(95)": 75793.789655
        },
        "vus_max": {
            "value": 2250,
            "min": 2250,
            "max": 2250
        },
        "http_req_failed": {
            "passes": 110,
            "fails": 2140,
            "value": 0.04888888888888889
        },
        "http_req_connecting": {
            "p(95)": 1963.978845,
            "avg": 906.3905345333328,
            "min": 73.999,
            "med": 552.1166499999999,
            "max": 2039.1408,
            "p(90)": 1939.1912100000002
        },
        "data_sent": {
            "count": 1012405965,
            "rate": 5280565.464362416
        },
        "vus": {
            "value": 1,
            "min": 1,
            "max": 2250
        },
        "http_req_receiving": {
            "med": 0.394,
            "max": 49.8015,
            "p(90)": 1.0008,
            "p(95)": 1.0625099999999998,
            "avg": 0.7240251999999995,
            "min": 0
        },
        "checks": {
            "passes": 2145,
            "fails": 27105,
            "value": 0.07333333333333333
        },
        "iterations": {
            "count": 2250,
            "rate": 11.73567986120611
        },
        "http_req_duration": {
            "min": 1003.7072,
            "med": 56206.153300000005,
            "max": 189734.2341,
            "p(90)": 70545.83618,
            "p(95)": 73164.09396999999,
            "avg": 48290.18305831114
        },
        "http_req_waiting": {
            "max": 187421.0635,
            "p(90)": 68326.08585,
            "p(95)": 70769.650255,
            "avg": 45969.97032591114,
            "min": 135.5848,
            "med": 54006.66775
        },
        "http_req_tls_handshaking": {
            "max": 3507.4187,
            "p(90)": 1559.08626,
            "p(95)": 1592.9396399999998,
            "avg": 923.5172139555578,
            "min": 6.9982,
            "med": 1104.16025
        },
        "http_req_sending": {
            "p(95)": 3776.106984999998,
            "avg": 2319.4887071999956,
            "min": 394.436,
            "med": 2329.2148500000003,
            "max": 6587.7161,
            "p(90)": 3558.65236
        }
    },
    "root_group": {
        "name": "",
        "path": "",
        "id": "d41d8cd98f00b204e9800998ecf8427e",
        "groups": {},
        "checks": {
                "200 OK": {
                    "name": "200 OK",
                    "path": "::200 OK",
                    "id": "e9654c443eff553da9e69eda7007924e",
                    "passes": 2140,
                    "fails": 110
                },
                "201 Created": {
                    "passes": 0,
                    "fails": 2250,
                    "name": "201 Created",
                    "path": "::201 Created",
                    "id": "728dcd977aae263ca314731145e1d447"
                },
                "204 No Content": {
                    "name": "204 No Content",
                    "path": "::204 No Content",
                    "id": "54fa3c2eda34e1622fda2da5e0479fc5",
                    "passes": 0,
                    "fails": 2250
                },
                "400 Bad Request": {
                    "name": "400 Bad Request",
                    "path": "::400 Bad Request",
                    "id": "eeae81934b9b58bccaf0184a6d070338",
                    "passes": 0,
                    "fails": 2250
                },
                "401 Unauthorized": {
                    "name": "401 Unauthorized",
                    "path": "::401 Unauthorized",
                    "id": "6ae9254e6aefe7f0bafe5102fa7e20a5",
                    "passes": 0,
                    "fails": 2250
                },
                "403 Forbidden": {
                    "passes": 0,
                    "fails": 2250,
                    "name": "403 Forbidden",
                    "path": "::403 Forbidden",
                    "id": "655548b761742c5a7ad15aa7df3a5d9c"
                },
                "404 Not Found": {
                    "name": "404 Not Found",
                    "path": "::404 Not Found",
                    "id": "df1528f9925ca236bac51008f77b774a",
                    "passes": 0,
                    "fails": 2250
                },
                "422 Unprocessable Content": {
                    "path": "::422 Unprocessable Content",
                    "id": "d94c37ab64a32602add978a71bd22822",
                    "passes": 0,
                    "fails": 2250,
                    "name": "422 Unprocessable Content"
                },
                "429 Too Many Requests": {
                    "id": "b810c35b9499cc7342fd415032e3a6aa",
                    "passes": 0,
                    "fails": 2250,
                    "name": "429 Too Many Requests",
                    "path": "::429 Too Many Requests"
                },
                "500 Internal Server Error": {
                    "name": "500 Internal Server Error",
                    "path": "::500 Internal Server Error",
                    "id": "3cd96245b24e869810efe46d533b0eef",
                    "passes": 0,
                    "fails": 2250
                },
                "502 Bad Gateway": {
                    "fails": 2245,
                    "name": "502 Bad Gateway",
                    "path": "::502 Bad Gateway",
                    "id": "712cb0ec189a11f31f0d6d0c0031b569",
                    "passes": 5
                },
                "503 Service Unavailable": {
                    "path": "::503 Service Unavailable",
                    "id": "f1ea1a22be0dc738c385523a66ea1cd9",
                    "passes": 0,
                    "fails": 2250,
                    "name": "503 Service Unavailable"
                },
                "504 Gateway Timeout": {
                    "name": "504 Gateway Timeout",
                    "path": "::504 Gateway Timeout",
                    "id": "218efb729cb654723ccd57c6ebbebe29",
                    "passes": 0,
                    "fails": 2250
                }
            }
    }
}