{
    "metrics": {
        "vus": {
            "min": 1,
            "max": 1750,
            "value": 1
        },
        "vus_max": {
            "max": 1750,
            "value": 1750,
            "min": 1750
        },
        "http_req_duration{expected_response:true}": {
            "avg": 18859.73427771429,
            "min": 428.7856,
            "med": 20579.77675,
            "max": 49466.103,
            "p(90)": 27503.828400000002,
            "p(95)": 28621.698105
        },
        "http_req_tls_handshaking": {
            "max": 1330.8953,
            "p(90)": 981.8337200000002,
            "p(95)": 996.5477549999999,
            "avg": 692.6224091999992,
            "min": 5.756,
            "med": 794.6577
        },
        "http_req_blocked": {
            "p(90)": 1824.41059,
            "p(95)": 1856.31434,
            "avg": 1169.1870559428583,
            "min": 165.0019,
            "med": 1190.7531,
            "max": 1955.7407
        },
        "data_received": {
            "count": 8258999,
            "rate": 160472.26205526546
        },
        "http_reqs": {
            "count": 1750,
            "rate": 34.00248124460537
        },
        "http_req_connecting": {
            "min": 30,
            "med": 240.9998,
            "max": 1026.075,
            "p(90)": 991.20151,
            "p(95)": 998.74717,
            "avg": 475.2729805714286
        },
        "http_req_sending": {
            "avg": 1116.6760124,
            "min": 287.8383,
            "med": 1003.3693000000001,
            "max": 2506.3572,
            "p(90)": 1790.15184,
            "p(95)": 1859.5960499999999
        },
        "http_req_waiting": {
            "med": 19350.40105,
            "max": 48499.1056,
            "p(90)": 26265.733070000002,
            "p(95)": 27405.71587,
            "avg": 17741.896761200016,
            "min": 89.1223
        },
        "http_req_duration": {
            "p(90)": 27503.828400000002,
            "p(95)": 28621.698105,
            "avg": 18859.73427771429,
            "min": 428.7856,
            "med": 20579.77675,
            "max": 49466.103
        },
        "iterations": {
            "count": 1750,
            "rate": 34.00248124460537
        },
        "checks": {
            "fails": 21000,
            "passes": 1750,
            "value": 0.07692307692307693
        },
        "data_sent": {
            "count": 787426095,
            "rate": 15299680.586714486
        },
        "iteration_duration": {
            "avg": 21032.9562136,
            "min": 2630.7376,
            "med": 22551.43965,
            "max": 51253.8329,
            "p(90)": 29658.92408,
            "p(95)": 30400.606335
        },
        "http_req_receiving": {
            "p(95)": 3.9968999999999997,
            "avg": 1.1615041142857156,
            "min": 0,
            "med": 0.35814999999999997,
            "max": 60.9058,
            "p(90)": 1.0234900000000002
        },
        "http_req_failed": {
            "passes": 0,
            "fails": 1750,
            "value": 0
        }
    },
    "root_group": {
        "path": "",
        "id": "d41d8cd98f00b204e9800998ecf8427e",
        "groups": {},
        "checks": {
                "200 OK": {
                    "name": "200 OK",
                    "path": "::200 OK",
                    "id": "e9654c443eff553da9e69eda7007924e",
                    "passes": 1750,
                    "fails": 0
                },
                "201 Created": {
                    "path": "::201 Created",
                    "id": "728dcd977aae263ca314731145e1d447",
                    "passes": 0,
                    "fails": 1750,
                    "name": "201 Created"
                },
                "204 No Content": {
                    "path": "::204 No Content",
                    "id": "54fa3c2eda34e1622fda2da5e0479fc5",
                    "passes": 0,
                    "fails": 1750,
                    "name": "204 No Content"
                },
                "400 Bad Request": {
                    "name": "400 Bad Request",
                    "path": "::400 Bad Request",
                    "id": "eeae81934b9b58bccaf0184a6d070338",
                    "passes": 0,
                    "fails": 1750
                },
                "401 Unauthorized": {
                    "path": "::401 Unauthorized",
                    "id": "6ae9254e6aefe7f0bafe5102fa7e20a5",
                    "passes": 0,
                    "fails": 1750,
                    "name": "401 Unauthorized"
                },
                "403 Forbidden": {
                    "passes": 0,
                    "fails": 1750,
                    "name": "403 Forbidden",
                    "path": "::403 Forbidden",
                    "id": "655548b761742c5a7ad15aa7df3a5d9c"
                },
                "404 Not Found": {
                    "path": "::404 Not Found",
                    "id": "df1528f9925ca236bac51008f77b774a",
                    "passes": 0,
                    "fails": 1750,
                    "name": "404 Not Found"
                },
                "422 Unprocessable Content": {
                    "name": "422 Unprocessable Content",
                    "path": "::422 Unprocessable Content",
                    "id": "d94c37ab64a32602add978a71bd22822",
                    "passes": 0,
                    "fails": 1750
                },
                "429 Too Many Requests": {
                    "passes": 0,
                    "fails": 1750,
                    "name": "429 Too Many Requests",
                    "path": "::429 Too Many Requests",
                    "id": "b810c35b9499cc7342fd415032e3a6aa"
                },
                "500 Internal Server Error": {
                    "name": "500 Internal Server Error",
                    "path": "::500 Internal Server Error",
                    "id": "3cd96245b24e869810efe46d533b0eef",
                    "passes": 0,
                    "fails": 1750
                },
                "502 Bad Gateway": {
                    "fails": 1750,
                    "name": "502 Bad Gateway",
                    "path": "::502 Bad Gateway",
                    "id": "712cb0ec189a11f31f0d6d0c0031b569",
                    "passes": 0
                },
                "503 Service Unavailable": {
                    "path": "::503 Service Unavailable",
                    "id": "f1ea1a22be0dc738c385523a66ea1cd9",
                    "passes": 0,
                    "fails": 1750,
                    "name": "503 Service Unavailable"
                },
                "504 Gateway Timeout": {
                    "fails": 1750,
                    "name": "504 Gateway Timeout",
                    "path": "::504 Gateway Timeout",
                    "id": "218efb729cb654723ccd57c6ebbebe29",
                    "passes": 0
                }
            },
        "name": ""
    }
}