{
    "metrics": {
        "http_req_duration{expected_response:true}": {
            "avg": 23772.816360250043,
            "min": 591.5942,
            "med": 26050.896050000003,
            "max": 65949.8862,
            "p(90)": 33405.385409999995,
            "p(95)": 34482.256395
        },
        "http_req_sending": {
            "med": 1620.4755,
            "max": 3327.3536,
            "p(90)": 2754.2867200000005,
            "p(95)": 2994.49159,
            "avg": 1703.171120649997,
            "min": 431.9176
        },
        "http_req_waiting": {
            "avg": 22069.044226750022,
            "min": 75.1584,
            "med": 24310.3061,
            "max": 64265.6608,
            "p(90)": 31405.07649,
            "p(95)": 32542.52685
        },
        "vus_max": {
            "value": 2000,
            "min": 2000,
            "max": 2000
        },
        "data_sent": {
            "rate": 13220614.618833028,
            "count": 899914934
        },
        "http_req_failed": {
            "passes": 0,
            "fails": 2000,
            "value": 0
        },
        "http_req_receiving": {
            "avg": 0.60101285,
            "min": 0,
            "med": 0.31525000000000003,
            "max": 26.9238,
            "p(90)": 0.99921,
            "p(95)": 1.06817
        },
        "data_received": {
            "count": 9439950,
            "rate": 138681.93120912564
        },
        "http_req_blocked": {
            "med": 1550.0857999999998,
            "max": 3335.1418,
            "p(90)": 2801.2002500000003,
            "p(95)": 2885.52837,
            "avg": 1585.1882927500003,
            "min": 164.9975
        },
        "http_req_connecting": {
            "p(95)": 1301.481305,
            "avg": 494.7507021500007,
            "min": 102.0047,
            "med": 402.99935,
            "max": 1355.517,
            "p(90)": 1283.9305900000002
        },
        "http_reqs": {
            "count": 2000,
            "rate": 29.381920711259202
        },
        "http_req_tls_handshaking": {
            "avg": 1088.360309749999,
            "min": 5.9971,
            "med": 1210.53775,
            "max": 2867.1861,
            "p(90)": 1706.84387,
            "p(95)": 1807.8956449999998
        },
        "vus": {
            "value": 1,
            "min": 1,
            "max": 2000
        },
        "checks": {
            "passes": 2000,
            "fails": 24000,
            "value": 0.07692307692307693
        },
        "iteration_duration": {
            "min": 4076.9705,
            "med": 28627.33765,
            "max": 67959.545,
            "p(90)": 35794.467,
            "p(95)": 36739.98697,
            "avg": 26360.755705949956
        },
        "iterations": {
            "count": 2000,
            "rate": 29.381920711259202
        },
        "http_req_duration": {
            "med": 26050.896050000003,
            "max": 65949.8862,
            "p(90)": 33405.385409999995,
            "p(95)": 34482.256395,
            "avg": 23772.816360250043,
            "min": 591.5942
        }
    },
    "root_group": {
        "checks": {
            "200 OK": {
                "name": "200 OK",
                "path": "::200 OK",
                "id": "e9654c443eff553da9e69eda7007924e",
                "passes": 2000,
                "fails": 0
            },
            "201 Created": {
                "name": "201 Created",
                "path": "::201 Created",
                "id": "728dcd977aae263ca314731145e1d447",
                "passes": 0,
                "fails": 2000
            },
            "204 No Content": {
                "name": "204 No Content",
                "path": "::204 No Content",
                "id": "54fa3c2eda34e1622fda2da5e0479fc5",
                "passes": 0,
                "fails": 2000
            },
            "400 Bad Request": {
                "name": "400 Bad Request",
                "path": "::400 Bad Request",
                "id": "eeae81934b9b58bccaf0184a6d070338",
                "passes": 0,
                "fails": 2000
            },
            "401 Unauthorized": {
                "passes": 0,
                "fails": 2000,
                "name": "401 Unauthorized",
                "path": "::401 Unauthorized",
                "id": "6ae9254e6aefe7f0bafe5102fa7e20a5"
            },
            "403 Forbidden": {
                "name": "403 Forbidden",
                "path": "::403 Forbidden",
                "id": "655548b761742c5a7ad15aa7df3a5d9c",
                "passes": 0,
                "fails": 2000
            },
            "404 Not Found": {
                "name": "404 Not Found",
                "path": "::404 Not Found",
                "id": "df1528f9925ca236bac51008f77b774a",
                "passes": 0,
                "fails": 2000
            },
            "422 Unprocessable Content": {
                "path": "::422 Unprocessable Content",
                "id": "d94c37ab64a32602add978a71bd22822",
                "passes": 0,
                "fails": 2000,
                "name": "422 Unprocessable Content"
            },
            "429 Too Many Requests": {
                "name": "429 Too Many Requests",
                "path": "::429 Too Many Requests",
                "id": "b810c35b9499cc7342fd415032e3a6aa",
                "passes": 0,
                "fails": 2000
            },
            "500 Internal Server Error": {
                "fails": 2000,
                "name": "500 Internal Server Error",
                "path": "::500 Internal Server Error",
                "id": "3cd96245b24e869810efe46d533b0eef",
                "passes": 0
            },
            "502 Bad Gateway": {
                "name": "502 Bad Gateway",
                "path": "::502 Bad Gateway",
                "id": "712cb0ec189a11f31f0d6d0c0031b569",
                "passes": 0,
                "fails": 2000
            },
            "503 Service Unavailable": {
                "path": "::503 Service Unavailable",
                "id": "f1ea1a22be0dc738c385523a66ea1cd9",
                "passes": 0,
                "fails": 2000,
                "name": "503 Service Unavailable"
            },
            "504 Gateway Timeout": {
                "name": "504 Gateway Timeout",
                "path": "::504 Gateway Timeout",
                "id": "218efb729cb654723ccd57c6ebbebe29",
                "passes": 0,
                "fails": 2000
            }
        },
        "name": "",
        "path": "",
        "id": "d41d8cd98f00b204e9800998ecf8427e",
        "groups": {}
    }
}