{
    "metrics": {
        "http_req_sending": {
            "p(95)": 1.000705,
            "avg": 0.1589209500000001,
            "min": 0,
            "med": 0,
            "max": 3.0019,
            "p(90)": 0.9989
        },
        "vus": {
            "max": 2000,
            "value": 842,
            "min": 842
        },
        "data_received": {
            "count": 7597742,
            "rate": 62181.628234592026
        },
        "iteration_duration": {
            "p(95)": 122024.774645,
            "avg": 112817.88793044986,
            "min": 29210.2625,
            "med": 112219.0979,
            "max": 122178.2933,
            "p(90)": 121992.01217999999
        },
        "iterations": {
            "count": 2000,
            "rate": 16.368449530029324
        },
        "http_req_duration": {
            "avg": 111508.25613349995,
            "min": 28111.408,
            "med": 110918.2902,
            "max": 120821.0033,
            "p(90)": 120609.68383,
            "p(95)": 120645.58507500001
        },
        "http_req_blocked": {
            "avg": 308.2102171999997,
            "min": 71.9966,
            "med": 287.00104999999996,
            "max": 704.1132,
            "p(90)": 489.53159999999997,
            "p(95)": 609.53166
        },
        "http_reqs": {
            "count": 2000,
            "rate": 16.368449530029324
        },
        "http_req_duration{expected_response:true}": {
            "avg": 62146.82836093752,
            "min": 28111.408,
            "med": 59709.1124,
            "max": 78868.9179,
            "p(90)": 73759.81948,
            "p(95)": 76224.82202499999
        },
        "http_req_waiting": {
            "max": 120820.8533,
            "p(90)": 120609.25656000001,
            "p(95)": 120645.03177,
            "avg": 111507.94864430014,
            "min": 28110.8074,
            "med": 110918.2902
        },
        "http_req_tls_handshaking": {
            "p(95)": 436.12611,
            "avg": 225.95352724999978,
            "min": 16.9996,
            "med": 226.0005,
            "max": 461.5326,
            "p(90)": 392.5284
        },
        "http_req_receiving": {
            "min": 0,
            "med": 0,
            "max": 1.2882,
            "p(90)": 0.56854,
            "p(95)": 0.78938,
            "avg": 0.14856825000000012
        },
        "checks": {
            "passes": 2000,
            "fails": 24000,
            "value": 0.07692307692307693
        },
        "vus_max": {
            "value": 2000,
            "min": 2000,
            "max": 2000
        },
        "http_req_failed": {
            "passes": 1872,
            "fails": 128,
            "value": 0.936
        },
        "data_sent": {
            "count": 1664000,
            "rate": 13618.550008984397
        },
        "http_req_connecting": {
            "avg": 76.78459059999997,
            "min": 1.9969,
            "med": 78.99915,
            "max": 237.0022,
            "p(90)": 115.9977,
            "p(95)": 217.9937
        }
    },
    "root_group": {
        "checks": {
            "200 OK": {
                "id": "e9654c443eff553da9e69eda7007924e",
                "passes": 128,
                "fails": 1872,
                "name": "200 OK",
                "path": "::200 OK"
            },
            "201 Created": {
                "name": "201 Created",
                "path": "::201 Created",
                "id": "728dcd977aae263ca314731145e1d447",
                "passes": 0,
                "fails": 2000
            },
            "204 No Content": {
                "name": "204 No Content",
                "path": "::204 No Content",
                "id": "54fa3c2eda34e1622fda2da5e0479fc5",
                "passes": 0,
                "fails": 2000
            },
            "400 Bad Request": {
                "name": "400 Bad Request",
                "path": "::400 Bad Request",
                "id": "eeae81934b9b58bccaf0184a6d070338",
                "passes": 0,
                "fails": 2000
            },
            "401 Unauthorized": {
                "name": "401 Unauthorized",
                "path": "::401 Unauthorized",
                "id": "6ae9254e6aefe7f0bafe5102fa7e20a5",
                "passes": 0,
                "fails": 2000
            },
            "403 Forbidden": {
                "path": "::403 Forbidden",
                "id": "655548b761742c5a7ad15aa7df3a5d9c",
                "passes": 0,
                "fails": 2000,
                "name": "403 Forbidden"
            },
            "404 Not Found": {
                "passes": 0,
                "fails": 2000,
                "name": "404 Not Found",
                "path": "::404 Not Found",
                "id": "df1528f9925ca236bac51008f77b774a"
            },
            "422 Unprocessable Content": {
                "name": "422 Unprocessable Content",
                "path": "::422 Unprocessable Content",
                "id": "d94c37ab64a32602add978a71bd22822",
                "passes": 0,
                "fails": 2000
            },
            "429 Too Many Requests": {
                "fails": 2000,
                "name": "429 Too Many Requests",
                "path": "::429 Too Many Requests",
                "id": "b810c35b9499cc7342fd415032e3a6aa",
                "passes": 0
            },
            "500 Internal Server Error": {
                "name": "500 Internal Server Error",
                "path": "::500 Internal Server Error",
                "id": "3cd96245b24e869810efe46d533b0eef",
                "passes": 1027,
                "fails": 973
            },
            "502 Bad Gateway": {
                "fails": 2000,
                "name": "502 Bad Gateway",
                "path": "::502 Bad Gateway",
                "id": "712cb0ec189a11f31f0d6d0c0031b569",
                "passes": 0
            },
            "503 Service Unavailable": {
                "passes": 0,
                "fails": 2000,
                "name": "503 Service Unavailable",
                "path": "::503 Service Unavailable",
                "id": "f1ea1a22be0dc738c385523a66ea1cd9"
            },
            "504 Gateway Timeout": {
                "name": "504 Gateway Timeout",
                "path": "::504 Gateway Timeout",
                "id": "218efb729cb654723ccd57c6ebbebe29",
                "passes": 845,
                "fails": 1155
            }
        },
        "name": "",
        "path": "",
        "id": "d41d8cd98f00b204e9800998ecf8427e",
        "groups": {}
    }
}