{
    "metrics": {
        "vus_max": {
            "max": 2000,
            "value": 2000,
            "min": 2000
        },
        "http_req_waiting": {
            "med": 24889.1408,
            "max": 76394.5699,
            "p(90)": 32588.863090000003,
            "p(95)": 34073.69499,
            "avg": 22785.482754000015,
            "min": 103.4942
        },
        "http_req_sending": {
            "avg": 1693.1089150999978,
            "min": 370.8368,
            "med": 1619.6596,
            "max": 3201.9156,
            "p(90)": 2652.41827,
            "p(95)": 3032.831995
        },
        "http_req_failed": {
            "passes": 1,
            "fails": 1999,
            "value": 0.0005
        },
        "http_req_receiving": {
            "med": 0.36929999999999996,
            "max": 38.3134,
            "p(90)": 0.99931,
            "p(95)": 1.03383,
            "avg": 0.6220597000000009,
            "min": 0
        },
        "http_reqs": {
            "count": 2000,
            "rate": 24.630441712169294
        },
        "data_received": {
            "count": 9433820,
            "rate": 116179.57681654846
        },
        "iteration_duration": {
            "min": 4035.8017,
            "med": 29050.3079,
            "max": 80816.273,
            "p(90)": 36749.85418,
            "p(95)": 38217.731845,
            "avg": 26942.241540900013
        },
        "iterations": {
            "count": 2000,
            "rate": 24.630441712169294
        },
        "http_req_connecting": {
            "max": 1651.0094,
            "p(90)": 435.15693000000016,
            "p(95)": 844.1108899999999,
            "avg": 381.76377360000015,
            "min": 211.5313,
            "med": 333.0567
        },
        "http_req_tls_handshaking": {
            "avg": 1075.5710330000013,
            "min": 6.9994,
            "med": 1088.1471000000001,
            "max": 2107.5363,
            "p(90)": 1863.59333,
            "p(95)": 1935.88642
        },
        "checks": {
            "fails": 24001,
            "passes": 1999,
            "value": 0.07688461538461538
        },
        "vus": {
            "value": 1,
            "min": 1,
            "max": 2000
        },
        "http_req_duration": {
            "med": 26634.77115,
            "max": 77642.4889,
            "p(90)": 34345.50962,
            "p(95)": 35905.36526,
            "avg": 24479.21372879997,
            "min": 692.3488
        },
        "data_sent": {
            "count": 899914873,
            "rate": 11082650.412670366
        },
        "http_req_duration{expected_response:true}": {
            "p(95)": 35905.99262,
            "avg": 24487.842581490717,
            "min": 692.3488,
            "med": 26635.1659,
            "max": 77642.4889,
            "p(90)": 34345.63174
        },
        "client_errors": {
            "count": 1,
            "rate": 0.012315220856084648
        },
        "http_req_blocked": {
            "p(90)": 2340.03541,
            "p(95)": 2421.1960200000003,
            "avg": 1459.996667300001,
            "min": 331.5284,
            "med": 1430.9539,
            "max": 3134.5307
        }
    },
    "root_group": {
        "name": "",
        "path": "",
        "id": "d41d8cd98f00b204e9800998ecf8427e",
        "groups": {},
        "checks": {
                "200 OK": {
                    "id": "e9654c443eff553da9e69eda7007924e",
                    "passes": 1999,
                    "fails": 1,
                    "name": "200 OK",
                    "path": "::200 OK"
                },
                "201 Created": {
                    "fails": 2000,
                    "name": "201 Created",
                    "path": "::201 Created",
                    "id": "728dcd977aae263ca314731145e1d447",
                    "passes": 0
                },
                "204 No Content": {
                    "fails": 2000,
                    "name": "204 No Content",
                    "path": "::204 No Content",
                    "id": "54fa3c2eda34e1622fda2da5e0479fc5",
                    "passes": 0
                },
                "400 Bad Request": {
                    "name": "400 Bad Request",
                    "path": "::400 Bad Request",
                    "id": "eeae81934b9b58bccaf0184a6d070338",
                    "passes": 0,
                    "fails": 2000
                },
                "401 Unauthorized": {
                    "name": "401 Unauthorized",
                    "path": "::401 Unauthorized",
                    "id": "6ae9254e6aefe7f0bafe5102fa7e20a5",
                    "passes": 0,
                    "fails": 2000
                },
                "403 Forbidden": {
                    "name": "403 Forbidden",
                    "path": "::403 Forbidden",
                    "id": "655548b761742c5a7ad15aa7df3a5d9c",
                    "passes": 0,
                    "fails": 2000
                },
                "404 Not Found": {
                    "path": "::404 Not Found",
                    "id": "df1528f9925ca236bac51008f77b774a",
                    "passes": 0,
                    "fails": 2000,
                    "name": "404 Not Found"
                },
                "422 Unprocessable Content": {
                    "id": "d94c37ab64a32602add978a71bd22822",
                    "passes": 0,
                    "fails": 2000,
                    "name": "422 Unprocessable Content",
                    "path": "::422 Unprocessable Content"
                },
                "429 Too Many Requests": {
                    "name": "429 Too Many Requests",
                    "path": "::429 Too Many Requests",
                    "id": "b810c35b9499cc7342fd415032e3a6aa",
                    "passes": 0,
                    "fails": 2000
                },
                "500 Internal Server Error": {
                    "path": "::500 Internal Server Error",
                    "id": "3cd96245b24e869810efe46d533b0eef",
                    "passes": 0,
                    "fails": 2000,
                    "name": "500 Internal Server Error"
                },
                "502 Bad Gateway": {
                    "fails": 2000,
                    "name": "502 Bad Gateway",
                    "path": "::502 Bad Gateway",
                    "id": "712cb0ec189a11f31f0d6d0c0031b569",
                    "passes": 0
                },
                "503 Service Unavailable": {
                    "name": "503 Service Unavailable",
                    "path": "::503 Service Unavailable",
                    "id": "f1ea1a22be0dc738c385523a66ea1cd9",
                    "passes": 0,
                    "fails": 2000
                },
                "504 Gateway Timeout": {
                    "fails": 2000,
                    "name": "504 Gateway Timeout",
                    "path": "::504 Gateway Timeout",
                    "id": "218efb729cb654723ccd57c6ebbebe29",
                    "passes": 0
                }
            }
    }
}