{
    "metrics": {
        "data_received": {
            "count": 5742398,
            "rate": 41012.646621521526
        },
        "vus_max": {
            "value": 1500,
            "min": 1500,
            "max": 1500
        },
        "http_req_receiving": {
            "med": 0.36285,
            "max": 12.2713,
            "p(90)": 0.9905200000000001,
            "p(95)": 1.03347,
            "avg": 0.43367213333333304,
            "min": 0
        },
        "http_req_duration": {
            "med": 88405.94690000001,
            "max": 136711.2149,
            "p(90)": 105578.87657000001,
            "p(95)": 107428.58239499999,
            "avg": 75967.8486274,
            "min": 1555.3365
        },
        "http_req_duration{expected_response:true}": {
            "avg": 75967.8486274,
            "min": 1555.3365,
            "med": 88405.94690000001,
            "max": 136711.2149,
            "p(90)": 105578.87657000001,
            "p(95)": 107428.58239499999
        },
        "http_req_sending": {
            "p(95)": 6141.4583,
            "avg": 3922.619856866663,
            "min": 303.0156,
            "med": 3989.5645,
            "max": 7229.6422,
            "p(90)": 5810.27012
        },
        "data_sent": {
            "count": 3042574457,
            "rate": 21730299.95911268
        },
        "http_req_failed": {
            "passes": 0,
            "fails": 1500,
            "value": 0
        },
        "iteration_duration": {
            "p(90)": 107977.96379000001,
            "p(95)": 109817.269525,
            "avg": 78304.9978633333,
            "min": 4021.3068,
            "med": 90371.0476,
            "max": 139139.0419
        },
        "iterations": {
            "count": 1500,
            "rate": 10.713114962125978
        },
        "http_req_tls_handshaking": {
            "avg": 525.7490099999997,
            "min": 11.3876,
            "med": 411.98245,
            "max": 3510.5201,
            "p(90)": 1151.0381000000002,
            "p(95)": 1257.157645
        },
        "http_req_blocked": {
            "avg": 1274.447417800001,
            "min": 27.0286,
            "med": 1331.8526499999998,
            "max": 4536.6897,
            "p(90)": 1988.6970700000006,
            "p(95)": 2435.7024549999996
        },
        "vus": {
            "value": 1,
            "min": 1,
            "max": 1500
        },
        "http_reqs": {
            "count": 1500,
            "rate": 10.713114962125978
        },
        "http_req_connecting": {
            "p(95)": 1058.6661199999999,
            "avg": 150.26395319999995,
            "min": 8.1458,
            "med": 41.990300000000005,
            "max": 3075.3831,
            "p(90)": 396.1158800000008
        },
        "http_req_waiting": {
            "avg": 72044.79509839999,
            "min": 64.4426,
            "med": 84608.22515,
            "max": 132100.3156,
            "p(90)": 101316.20667000001,
            "p(95)": 103916.06157
        },
        "checks": {
            "passes": 1500,
            "fails": 18000,
            "value": 0.07692307692307693
        }
    },
    "root_group": {
        "checks": {
            "200 OK": {
                "path": "::200 OK",
                "id": "e9654c443eff553da9e69eda7007924e",
                "passes": 1500,
                "fails": 0,
                "name": "200 OK"
            },
            "201 Created": {
                "fails": 1500,
                "name": "201 Created",
                "path": "::201 Created",
                "id": "728dcd977aae263ca314731145e1d447",
                "passes": 0
            },
            "204 No Content": {
                "name": "204 No Content",
                "path": "::204 No Content",
                "id": "54fa3c2eda34e1622fda2da5e0479fc5",
                "passes": 0,
                "fails": 1500
            },
            "400 Bad Request": {
                "fails": 1500,
                "name": "400 Bad Request",
                "path": "::400 Bad Request",
                "id": "eeae81934b9b58bccaf0184a6d070338",
                "passes": 0
            },
            "401 Unauthorized": {
                "name": "401 Unauthorized",
                "path": "::401 Unauthorized",
                "id": "6ae9254e6aefe7f0bafe5102fa7e20a5",
                "passes": 0,
                "fails": 1500
            },
            "403 Forbidden": {
                "id": "655548b761742c5a7ad15aa7df3a5d9c",
                "passes": 0,
                "fails": 1500,
                "name": "403 Forbidden",
                "path": "::403 Forbidden"
            },
            "404 Not Found": {
                "passes": 0,
                "fails": 1500,
                "name": "404 Not Found",
                "path": "::404 Not Found",
                "id": "df1528f9925ca236bac51008f77b774a"
            },
            "422 Unprocessable Content": {
                "name": "422 Unprocessable Content",
                "path": "::422 Unprocessable Content",
                "id": "d94c37ab64a32602add978a71bd22822",
                "passes": 0,
                "fails": 1500
            },
            "429 Too Many Requests": {
                "name": "429 Too Many Requests",
                "path": "::429 Too Many Requests",
                "id": "b810c35b9499cc7342fd415032e3a6aa",
                "passes": 0,
                "fails": 1500
            },
            "500 Internal Server Error": {
                "name": "500 Internal Server Error",
                "path": "::500 Internal Server Error",
                "id": "3cd96245b24e869810efe46d533b0eef",
                "passes": 0,
                "fails": 1500
            },
            "502 Bad Gateway": {
                "path": "::502 Bad Gateway",
                "id": "712cb0ec189a11f31f0d6d0c0031b569",
                "passes": 0,
                "fails": 1500,
                "name": "502 Bad Gateway"
            },
            "503 Service Unavailable": {
                "id": "f1ea1a22be0dc738c385523a66ea1cd9",
                "passes": 0,
                "fails": 1500,
                "name": "503 Service Unavailable",
                "path": "::503 Service Unavailable"
            },
            "504 Gateway Timeout": {
                "id": "218efb729cb654723ccd57c6ebbebe29",
                "passes": 0,
                "fails": 1500,
                "name": "504 Gateway Timeout",
                "path": "::504 Gateway Timeout"
            }
        },
        "name": "",
        "path": "",
        "id": "d41d8cd98f00b204e9800998ecf8427e",
        "groups": {}
    }
}